{
  "raw": {
    "rmse": 29104.746098773237,
    "r2": 0.8895632046678363,
    "log_target": false
  },
  "log": {
    "rmse": 30134.011171382605,
    "r2": 0.8816140794082321,
    "log_target": true
  }
}